<?xml version="1.0" encoding="UTF-8"?>
<mods xmlns:xlink="http://www.w3.org/1999/xlink"
    xmlns:xsi="http://www.w3.org/2001/XMLSchema-instance"
    xmlns="http://www.loc.gov/mods/v3"
    version="3.5"
    xsi:schemaLocation="http://www.loc.gov/mods/v3 http://www.loc.gov/standards/mods/v3/mods-3-5.xsd">
    <titleInfo>
        <title>Teaming with bacteria</title>
        <subTitle>the organic gardener's guide to endophytic bacteria and the rhizophagy cycle</subTitle>
    </titleInfo>
    <titleInfo type="alternative">
        <title/>
    </titleInfo>
    <name type="personal" usage="primary">
        <namePart/>
        <displayForm>Lowenfels, Jeff,</displayForm>
        <role>
            <roleTerm type="text">author.</roleTerm>
        </role>
    </name>
    <typeOfResource>text</typeOfResource>
    <genre authority="rdacontent"/>
    <genre authority=""/>
    <originInfo>
        <place>
            <placeTerm type="code" authority="marccountry">oru</placeTerm>
        </place>
        <dateIssued encoding="marc">2022</dateIssued>
        <issuance>monographic</issuance>
    </originInfo>
    <originInfo displayLabel="publisher">
        <place>
            <placeTerm type="text">Portland, Oregon :Timber Press,2022</placeTerm>
        </place>
        <publisher>Timber Press,</publisher>
        <dateIssued>2022.</dateIssued>
    </originInfo>
    <language>
        <languageTerm authority="iso639-2b" type="code">eng</languageTerm>
    </language>
    <physicalDescription>
        <form authority="marcform">print</form>
        <extent/>
        <form type="media" authority="rdamedia"/>
        <form type="carrier" authority="rdacarrier"/>
    </physicalDescription>
    <abstract/>
    <tableOfContents/>
    <note type="statement of responsibility" altRepGroup="00"/>
    <note>Includes index.</note>
    <note type="additional physical form">Also available online.</note>
    <subject authority="lcsh">
        <topic/>
    </subject>
    <subject authority="lcsh">
        <topic/>
    </subject>
    <subject authority="lcsh">
        <topic/>
    </subject>
    <classification authority="lcc">QR351</classification>
    <classification authority="nal">QR351 .L687 2022</classification>
    <relatedItem type="otherFormat" displayLabel="Online version:">
        <titleInfo>
            <title>Teaming with bacteria</title>
        </titleInfo>
        <name>
            <namePart>Lowenfels, Jeff.</namePart>
        </name>
        <originInfo>
            <publisher>Portland, Oregon : Timber Press, 2022</publisher>
        </originInfo>
        <identifier type="local">(DLC) 2021052484</identifier>
    </relatedItem>
    <identifier type="isbn">9781643261393</identifier>
    <identifier type="isbn" invalid="yes">9781643261690</identifier>
    <identifier type="control">9914445133607426</identifier>
    <identifier type="lccn">2021052483</identifier>
    <identifier type="agricola">CIP 20211029 8:55:06 PM</identifier>
    <extension>
        <note type="indexer">CIP </note>
        <note type="publicationSource">Other US</note>
    </extension>
    <recordInfo>
        <descriptionStandard>rda</descriptionStandard>
        <recordContentSource authority="marcorg">DNAL/DLC</recordContentSource>
        <recordCreationDate encoding="marc">211029</recordCreationDate>
        <recordChangeDate encoding="iso8601">20220708162826.0</recordChangeDate>
        <recordIdentifier>9914445133607426</recordIdentifier>
        <recordOrigin>Converted from MARCXML to MODS version 3.4 using MARC21slim2MODS3-4.xsl
            (Revision 1.95 2014/04/23)</recordOrigin>
        <languageOfCataloging>
            <languageTerm authority="iso639-2b" type="code">eng</languageTerm>
        </languageOfCataloging>
    </recordInfo>
</mods>
<mods xmlns:xlink="http://www.w3.org/1999/xlink"
    xmlns:xsi="http://www.w3.org/2001/XMLSchema-instance"
    xmlns="http://www.loc.gov/mods/v3"
    version="3.5"
    xsi:schemaLocation="http://www.loc.gov/mods/v3 http://www.loc.gov/standards/mods/v3/mods-3-5.xsd">
    <titleInfo>
        <title/>
    </titleInfo>
    <name type="personal" usage="primary">
        <namePart/>
        <displayForm>Meko, D.</displayForm>
    </name>
    <name type="personal">
        <namePart/>
        <displayForm>Cook, E.R.</displayForm>
    </name>
    <name type="personal">
        <namePart/>
        <displayForm>Stahle, D.W.</displayForm>
    </name>
    <name type="personal">
        <namePart/>
        <displayForm>Stockton, C.W.</displayForm>
    </name>
    <name type="personal">
        <namePart/>
        <displayForm>Hughes, M.K.</displayForm>
    </name>
    <typeOfResource>text</typeOfResource>
    <genre authority=""/>
    <originInfo>
        <place>
            <placeTerm type="code" authority="marccountry">mau</placeTerm>
        </place>
        <dateIssued encoding="marc">199309</dateIssued>
        <issuance>continuing</issuance>
    </originInfo>
    <language>
        <languageTerm authority="iso639-2b" type="code">eng</languageTerm>
    </language>
    <abstract/>
    <subject authority="atg">
        <topic/>
    </subject>
    <subject authority="atg">
        <topic/>
    </subject>
    <subject authority="atg">
        <topic/>
    </subject>
    <subject authority="atg">
        <topic/>
    </subject>
    <subject authority="atg">
        <geographic>United States</geographic>
    </subject>
    <subject authority="atg">
        <geographic>Canada</geographic>
    </subject>
    <subject>
        <topic>species</topic>
    </subject>
    <location>
        <physicalLocation/>
    </location>
    <location>
        <url displayLabel="" usage="primary">http://dx.doi.org/10.1175/1520-0442(1993)006&lt;1773:SPOTGA&gt;2.0.CO;2</url>
    </location>
    <relatedItem type="host">
        <titleInfo>
            <title>Journal of climate</title>
        </titleInfo>
        <identifier type="issn">0894-8755</identifier>
        <part>
            <text>1993 Sept., v. 6, no. 9  p.1773-1786</text>
        </part>
    </relatedItem>
    <identifier type="doi">10.1175/1520-0442(1993)006&lt;1773:SPOTGA&gt;2.0.CO;2</identifier>
    <identifier type="control">9915363721607426</identifier>
    <identifier type="agricola">IND20386808</identifier>
    <extension>
        <note type="saleTape">19940504 19940511 00000000</note>
        <note type="indexer">IND NNL </note>
        <note type="ai">agid:1444513 </note>
    </extension>
    <recordInfo>
        <recordContentSource authority="marcorg">AGL</recordContentSource>
        <recordCreationDate encoding="marc">940411</recordCreationDate>
        <recordChangeDate encoding="iso8601">20220810154628.0</recordChangeDate>
        <recordIdentifier>9915363721607426</recordIdentifier>
        <recordOrigin>Converted from MARCXML to MODS version 3.4 using MARC21slim2MODS3-4.xsl
            (Revision 1.95 2014/04/23)</recordOrigin>
        <languageOfCataloging>
            <languageTerm authority="iso639-2b" type="code">eng</languageTerm>
        </languageOfCataloging>
    </recordInfo>
</mods>

