<?xml version="1.0" encoding="UTF-8"?>
<collection><record><leader>02167nam a22004458i 4500</leader><controlfield tag="001">9914445133607426</controlfield><controlfield tag="005">20220708162826.0</controlfield><controlfield tag="008">211029s2022    oru           001 0 eng  </controlfield><datafield tag="010" ind1=" " ind2=" "><subfield code="a">  2021052483</subfield></datafield><datafield tag="016" ind1="7" ind2=" "><subfield code="a">CIP 20211029 8:55:06 PM</subfield></datafield><datafield tag="020" ind1=" " ind2=" "><subfield code="a">9781643261393</subfield><subfield code="q">(hardcover)</subfield></datafield><datafield tag="020" ind1=" " ind2=" "><subfield code="z">9781643261690</subfield><subfield code="q">(ebook)</subfield></datafield><datafield tag="035" ind1=" " ind2=" "><subfield code="a">(DNAL)1444513-naldb-Voyager</subfield></datafield><datafield tag="040" ind1=" " ind2=" "><subfield code="a">DNAL/DLC</subfield><subfield code="b">eng</subfield><subfield code="e">rda</subfield><subfield code="c">DLC</subfield></datafield><datafield tag="042" ind1=" " ind2=" "><subfield code="a">pcc</subfield></datafield><datafield tag="049" ind1=" " ind2=" "><subfield code="a">AGLG</subfield></datafield><datafield tag="050" ind1="0" ind2="0"><subfield code="a">QR351</subfield></datafield><datafield tag="070" ind1="0" ind2=" "><subfield code="a">QR351</subfield><subfield code="b">.L687 2022</subfield></datafield><datafield tag="100" ind1="1" ind2=" "><subfield code="a">Lowenfels, Jeff,</subfield><subfield code="e">author.</subfield></datafield><datafield tag="245" ind1="1" ind2="0"><subfield code="a">Teaming with bacteria :</subfield><subfield code="b">the organic gardener's guide to endophytic bacteria and the rhizophagy cycle /</subfield><subfield code="c">Jeff Lowenfels</subfield></datafield><datafield tag="246" ind1="3" ind2="0"><subfield code="a">Organic gardener's guide to endophytic bacteria and the rhizophagy cycle</subfield></datafield><datafield tag="263" ind1=" " ind2=" "><subfield code="a">2208</subfield></datafield><datafield tag="264" ind1=" " ind2="1"><subfield code="a">Portland, Oregon :</subfield><subfield code="b">Timber Press,</subfield><subfield code="c">2022.</subfield></datafield><datafield tag="300" ind1=" " ind2=" "><subfield code="a">pages cm</subfield></datafield><datafield tag="336" ind1=" " ind2=" "><subfield code="a">text</subfield><subfield code="b">txt</subfield><subfield code="2">rdacontent</subfield></datafield><datafield tag="337" ind1=" " ind2=" "><subfield code="a">unmediated</subfield><subfield code="b">n</subfield><subfield code="2">rdamedia</subfield></datafield><datafield tag="338" ind1=" " ind2=" "><subfield code="a">volume</subfield><subfield code="b">nc</subfield><subfield code="2">rdacarrier</subfield></datafield><datafield tag="500" ind1=" " ind2=" "><subfield code="a">Includes index.</subfield></datafield><datafield tag="505" ind1="0" ind2="0"><subfield code="t">Botany for students of endophytes --</subfield><subfield code="t">Biochemistry for students of endophytes --</subfield><subfield code="t">Bacterial review --</subfield><subfield code="t">Endophytic bacteria -- The</subfield><subfield code="t">rhizophagy cycle --</subfield><subfield code="t">Growing with endophytic bacteria -- The</subfield><subfield code="t">endophytic future.</subfield></datafield><datafield tag="520" ind1=" " ind2=" "><subfield code="a">"Thanks to research conducted over the last few decades, we know that many (and probably all) plants get a significant portion of their nutrients by attracting endophytic bacteria. Gardeners and small-scale growers need to know about endophytic bacteria and the rhizophagy cycle because they have profound implications for how they raise plants. Knowing about them will help readers increase their plant's health and productivity"--</subfield><subfield code="c">Provided by publisher.</subfield></datafield><datafield tag="530" ind1=" " ind2=" "><subfield code="a">Also available online.</subfield></datafield><datafield tag="650" ind1=" " ind2="0"><subfield code="a">Organic gardening.</subfield></datafield><datafield tag="650" ind1=" " ind2="0"><subfield code="a">Endophytes.</subfield></datafield><datafield tag="650" ind1=" " ind2="0"><subfield code="a">Plant-microbe relationships.</subfield></datafield><datafield tag="655" ind1=" " ind2="0"><subfield code="a">Handbooks and manuals.</subfield></datafield><datafield tag="776" ind1="0" ind2="8"><subfield code="i">Online version:</subfield><subfield code="a">Lowenfels, Jeff.</subfield><subfield code="t">Teaming with bacteria</subfield><subfield code="d">Portland, Oregon : Timber Press, 2022</subfield><subfield code="z">9781643261690</subfield><subfield code="w">(DLC) 2021052484</subfield></datafield><datafield tag="935" ind1=" " ind2=" "><subfield code="a">(DNAL)1444513-naldb-Voyager</subfield><subfield code="z">Copied to 035</subfield></datafield><datafield tag="945" ind1=" " ind2=" "><subfield code="a">CIP</subfield></datafield><datafield tag="946" ind1=" " ind2=" "><subfield code="a">Other US</subfield></datafield><datafield tag="958" ind1=" " ind2=" "><subfield code="b">h</subfield><subfield code="c">2021/10/29</subfield><subfield code="d">o</subfield><subfield code="e">csussman</subfield></datafield></record><record><leader>03443nab a2200493 u 4500</leader><controlfield tag="001">9915363721607426</controlfield><controlfield tag="005">20220810154628.0</controlfield><controlfield tag="008">940411e199309  mau|||||o|||||||||||eng||</controlfield><datafield tag="016" ind1="7" ind2=" "><subfield code="a">IND20386808</subfield><subfield code="2">DNAL</subfield></datafield><datafield tag="024" ind1="7" ind2=" "><subfield code="a">10.1175/1520-0442(1993)006&lt;1773:SPOTGA&gt;2.0.CO;2</subfield><subfield code="2">doi</subfield></datafield><datafield tag="035" ind1=" " ind2=" "><subfield code="a">agid:1444513-01nal_inst</subfield></datafield><datafield tag="040" ind1=" " ind2=" "><subfield code="a">AGL</subfield><subfield code="b">eng</subfield><subfield code="c">AGL</subfield></datafield><datafield tag="100" ind1="1" ind2=" "><subfield code="a">Meko, D.</subfield></datafield><datafield tag="245" ind1="1" ind2="0"><subfield code="a">Spatial patterns of tree-growth anomalies in the United States and southeastern Canada</subfield></datafield><datafield tag="300" ind1=" " ind2=" "><subfield code="a">p. 1773-1786.</subfield></datafield><datafield tag="520" ind1=" " ind2=" "><subfield code="a">A network of 248 tree-ring chronologies in the conterminous United States is assembled and analyzed by rotated principal components analysis (RPCA) to delineate "regions" of common tree-growth variation during the period 1705-1979. Spatial continuity of the tree-ring data is summarized by variogram analysis, and tree-ring data are gridded before RPCA to reduce effects of site clustering. Principal component drought information is evaluated by comparing PC scores and primary pattern coefficients with Palmer Drought Severity Index (PDSI) data from instrumental records. High PC pattern coefficients group geographically into regions coinciding roughly with nine drought regions delineated by RPCA of PDSI by other researchers. The drought signal as measured by the correlation between tree-ring PC scores and July PDSI, 1929-79, is strongest in the South and the interior West (r &gt; 0.7), and weakest in the Northeast and Pacific Northwest (r &lt; 0.16). A count of years with large negative PC scores in multiple regions marks the 1950s as the extreme in widespread drought across the southern United States to 1705. Tree-growth regions are sensitive to whether tree-ring data are gridded before RPCA. Principal components on ungridded tree-ring data tend to center on dense clusters of sites. The importance of site density is most noticeable in the RPCA results for the southeast, where the gridded data yield a PC centered on a group of climate-sensitive but widely spaced bald cypress chronologies. Cross-validation indicates that gridding of tree-ring anomalies over different species for drought reconstruction is more appropriate in the semiarid southwest than in cooler, moister regions--especially the northeast and the Pacific Northwest. Our results endorse the large-scale chronology network as a long-term proxy for the spatial and temporal patterns of past drought across the United States.</subfield></datafield><datafield tag="650" ind1=" " ind2="3"><subfield code="a">trees</subfield></datafield><datafield tag="650" ind1=" " ind2="3"><subfield code="a">abnormal development</subfield></datafield><datafield tag="650" ind1=" " ind2="3"><subfield code="a">models</subfield></datafield><datafield tag="650" ind1=" " ind2="3"><subfield code="a">growth rings</subfield></datafield><datafield tag="651" ind1=" " ind2="3"><subfield code="a">United States</subfield></datafield><datafield tag="651" ind1=" " ind2="3"><subfield code="a">Canada</subfield></datafield><datafield tag="653" ind1=" " ind2="0"><subfield code="a">species</subfield></datafield><datafield tag="655" ind1=" " ind2="7"><subfield code="a">article</subfield></datafield><datafield tag="700" ind1="1" ind2=" "><subfield code="a">Cook, E.R.</subfield></datafield><datafield tag="700" ind1="1" ind2=" "><subfield code="a">Stahle, D.W.</subfield></datafield><datafield tag="700" ind1="1" ind2=" "><subfield code="a">Stockton, C.W.</subfield></datafield><datafield tag="700" ind1="1" ind2=" "><subfield code="a">Hughes, M.K.</subfield></datafield><datafield tag="773" ind1="0" ind2=" "><subfield code="t">Journal of climate.</subfield><subfield code="g">1993 Sept., v. 6, no. 9  p.1773-1786</subfield><subfield code="x">0894-8755</subfield><subfield code="7">nnas</subfield></datafield><datafield tag="787" ind1="1" ind2=" "><subfield code="o">islandora_article_repository</subfield></datafield><datafield tag="787" ind1="1" ind2=" "><subfield code="o">21248</subfield></datafield><datafield tag="852" ind1=" " ind2=" "><subfield code="a">DNAL</subfield></datafield><datafield tag="856" ind1="4" ind2="0"><subfield code="u">http://dx.doi.org/10.1175/1520-0442(1993)006&lt;1773:SPOTGA&gt;2.0.CO;2</subfield><subfield code="3">Available from publisher's Web site</subfield></datafield><datafield tag="912" ind1=" " ind2=" "><subfield code="a">Article</subfield></datafield><datafield tag="914" ind1=" " ind2=" "><subfield code="a">Journal:21248</subfield></datafield><datafield tag="917" ind1=" " ind2=" "><subfield code="a">issued</subfield></datafield><datafield tag="930" ind1=" " ind2=" "><subfield code="a">19940504</subfield><subfield code="b">19940511</subfield><subfield code="c">00000000</subfield></datafield><datafield tag="935" ind1=" " ind2=" "><subfield code="a">IND20386808</subfield><subfield code="9">ExL</subfield></datafield><datafield tag="945" ind1=" " ind2=" "><subfield code="a">IND</subfield><subfield code="d">NNL</subfield></datafield><datafield tag="952" ind1=" " ind2=" "><subfield code="a">19940504 19940511 00000000</subfield><subfield code="b">IND NNL </subfield></datafield><datafield tag="974" ind1=" " ind2=" "><subfield code="a">agid:1444513</subfield></datafield><datafield tag="984" ind1=" " ind2=" "><subfield code="a">2014-12-25</subfield></datafield><datafield tag="985" ind1=" " ind2=" "><subfield code="a">Converted from MARCXML to MODS version 3.4 using MARC21slim2MODS3-4.xsl (Revision 1.95 2014/04/23)</subfield></datafield><datafield tag="986" ind1=" " ind2=" "><subfield code="a">3042493</subfield></datafield></record></collection>